IOC rank,Country/Olympian,NOC CODE,Total,Golds,Silvers,Bronzes,Ind sport
1,USA,USA,"2,401",976,757,668,
2,Soviet Union,,"1,011",396,319,296,
3,Germany (includes W but not E.Germany),GER,895,258,303,334,
4,Great Britain,GBR,779,236,272,271,
5,France,FRA,672,203,223,246,
6,Italy,ITA,549,198,166,185,
7,China,CHN,472,201,144,127,
8,Hungary,HUN,475,167,144,164,
9,Sweden,SWE,483,143,164,176,
10,Australia,AUS,467,138,153,176,
11,East Germany,,410,154,129,127,
12,Russia,RUS,399,132,122,145,
13,Japan,JPN,398,130,126,142,
14,Finland,FIN,302,101,84,117,
15,Romania,ROU,301,88,94,119,
16,Netherlands,NED,266,76,86,104,
17,Canada,CAN,278,59,99,120,
18,South Korea,KOR,243,81,82,80,
19,Poland,POL,271,64,82,125,
20,Cuba,CUB,208,72,67,69,
21,Bulgaria,BUL,214,51,85,78,
22,Switzerland,SUI,185,47,73,65,
23,Denmark,DEN,180,43,67,70,
24,Norway,NOR,148,56,49,43,
25,Czechoslovakia,,144,50,49,45,
26,Belgium,BEL,142,37,52,53,
27,Spain,ESP,130,37,59,34,
28,Unified Team (CIS),,113,46,38,29,
29,Greece,GRE,110,30,42,38,
30,Ukraine,UKR,116,34,27,55,
31,New Zealand,NZL,98,41,19,38,
32,Turkey,TUR,87,39,25,23,
33,Brazil,BRA,108,23,30,55,
34,Yugoslavia,,91,29,31,31,
35,Kenya,KEN,86,25,32,29,
36,Austria,AUT,86,18,33,35,
37,South Africa,RSA,76,23,26,27,
38,Argentina,ARG,70,18,24,28,
38,Jamaica,JAM,67,17,29,21,
40,Belarus,BLR,77,13,24,40,
41,Iran,IRI,60,15,20,25,
42,Mexico,MEX,62,13,21,28,
43,Kazakhstan,KAZ,52,16,17,19,
44,Ethiopia,ETH,45,21,7,17,
45,North Korea,PRK,47,14,12,21,
46,Czech Republic,CZE,43,14,15,14,
47,"MICHAEL PHELPS, US",,22,18,2,2,SWIMMING
47,Estonia,EST,33,9,9,15,
49,Ireland,IRL,28,9,8,11,
50,India,IND,26,9,6,11,
51,Egypt,EGY,26,7,9,10,
51,Indonesia,INA,27,6,10,11,
53,Slovakia,SVK,24,7,9,8,
54,Thailand,THA,24,7,6,11,
55,Azerbaijan,AZE,26,6,5,15,
56,Georgia,GEO,25,6,5,14,
56,Croatia,CRO,23,6,7,10,
58,"LARISA LATYNINA, USSR",,18,9,5,4,GYMNASTICS
59,Morocco,MAR,22,6,5,11,
59,Portugal,POR,23,4,8,11,
61,Lithuania,LTU,21,6,5,10,
62,Mongolia,MGL,24,2,9,13,
63,Uzbekistan,UZB,21,5,5,11,
63,Latvia,LAT,19,3,11,5,
63,Nigeria,NGR,23,2,9,12,
66,"NIKOLAY ANDRIANOV, USSR",,15,7,5,3,GYMNASTICS
67,"PAAVO NURMI, Finland",,12,9,3,,ATHLETICS
67,Slovenia,SLO,19,4,6,9,
69,"BIRGIT FISCHER, E Germany",,12,8,4,,CANOEING
69,Taiwan,TPE,21,2,7,12,
71,"JENNY THOMPSON, US",,12,8,3,1,SWIMMING
71,"SAWAO KATO, Japan",,12,8,3,1,GYMNASTICS
71,"BORIS SHAKHLIN, USSR",,13,7,4,2,GYMNASTICS
74,"MARK SPITZ, US",,11,9,1,1,SWIMMING
75,"CARL LEWIS, US",,10,9,1,,ATHLETICS
75,"MATTHEW BIONDI, US",,11,8,2,1,SWIMMING
75,Colombia,COL,19,2,6,11,
78,"TAKASHI ONO, Japan",,13,5,4,4,GYMNASTICS
78,Algeria,ALG,15,5,2,8,
78,Trinidad & Tobago,TRI,18,2,5,11,
81,Australasia,,13,4,4,5,
82,"RAY EWRY, US",,8,8,,,ATHLETICS
82,"DARA TORRES, US",,12,4,4,4,SWIMMING
82,Chile,CHI,13,2,7,4,
85,Bahamas,BAH,11,5,2,4,
85,"EDOARDO MANGIAROTTI, Italy",,13,2,6,5,FENCING
87,"ALEXEI NEMOV, Russia",,12,4,2,6,GYMNASTICS
88,Tunisia,TUN,10,3,3,4,
88,Pakistan,PAK,10,3,3,4,
90,Zimbabwe,ZIM,8,3,4,1,
91,Russian Empire,,9,2,4,3,
92,Uruguay,URU,10,2,2,6,
92,Armenia,ARM,12,1,2,9,
94,Venzuela,VEN,11,1,2,8,
95,Dominican Republic,DOM,6,3,2,1,
95,Uganda,UGA,7,2,3,2,
97,Cameroon,CMR,5,3,1,1,
98,Serbia,SRB,7,1,2,4,
98,Philippines,PHI,9,0,2,7,
100,Israel,ISR,7,1,1,5,
100,Puerto Rico,PUR,8,0,2,6,
102,Peru,PER,4,1,3,0,
102,Moldova,MDA,7,0,2,5,
102,Malaysia,MAS,6,0,3,3,
105,Bohemia,,5,1,1,3,
105,Namibia,NAM,4,0,4,0,
107,Suriname,,3,2,0,1,
107,Costa Rica,CRC,4,1,1,2,
107,Serbia and Montenegro,,3,1,2,0,
110,Hong Kong,HKG,3,1,1,1,
110,Syria,SYR,3,1,1,1,
110,Singapore,SIN,4,0,2,2,
110,Iceland,ISL,4,0,2,2,
110,Lebanon,LIB,4,0,2,2,
115,British West Indies,,3,1,0,2,
115,Panama,PAN,3,1,0,2,
115,Cote d'Ivoire,,2,1,1,0,
115,Netherlands Antilles,,2,1,1,0,
115,Ecuador,ECU,2,1,1,0,
115,Luxembourg,LUX,2,1,1,0,
115,Ghana,GHA,4,0,1,3,
122,Mozambique,MOZ,2,1,0,1,
122,Qatar,QAT,4,0,0,4,
122,Saudi Arabia,KSA,3,0,1,2,
122,Tajikistan,TJK,3,0,1,2,
122,Kyrgyzstan,KGZ,3,0,1,2,
122,Sri Lanka,SRI,2,0,2,0,
122,Tanzania,TAN,2,0,2,0,
122,Vietnam,VIE,2,0,2,0,
130,Burundi,BDI,1,1,0,0,
130,United Arab Emirates,UAE,1,1,0,0,
130,Grenada,,1,1,0,0,
130,Haiti,HAI,2,0,1,1,
130,Zambia,ZAM,2,0,1,1,
135,Afghanistan,AFG,2,0,0,2,
135,Kuwait,KUW,2,0,0,2,
135,Paraguay,PAR,1,0,1,0,
135,Senegal,SEN,1,0,1,0,
135,Sudan,SUD,1,0,1,0,
135,Tonga,TGA,1,0,1,0,
135,Virgin Islands,ISV,1,0,1,0,
135,Botswana,,1,0,1,0,
135,Cyprus,,1,0,1,0,
135,Gabon,,1,0,1,0,
135,Guatemala,,1,0,1,0,
135,Montenegro,,1,0,1,0,
147,Barbados,BAR,1,0,0,1,
147,Bermuda,BER,1,0,0,1,
147,Djibouti,DJI,1,0,0,1,
147,Eritrea,ERI,1,0,0,1,
147,Guyana,GUY,1,0,0,1,
147,Iraq,IRQ,1,0,0,1,
147,Macedonia,MKD,1,0,0,1,
147,Mauritius,MRI,1,0,0,1,
147,Niger,NIG,1,0,0,1,
147,Togo,TOG,1,0,0,1,
147,Bahrain,,1,0,0,1,